-- Customers
INSERT INTO customer (id, name, email, phone_number, created_at)
VALUES
    ('00000000-0000-0000-0000-000000000001', 'Alice Smith', 'alice@example.com', '1234567890', '2024-01-05 14:20:00'),
    ('00000000-0000-0000-0000-000000000002', 'Bob Jones', 'bob@example.com', '2345678901', '2024-01-05 14:20:00'),
    ('00000000-0000-0000-0000-000000000003', 'Carol White', 'carol@example.com', '3456789012', '2024-01-05 14:20:00'),
    ('00000000-0000-0000-0000-000000000004', 'Dave Black', 'dave@example.com', '4567890123', '2024-01-05 14:20:00'),
    ('00000000-0000-0000-0000-000000000005', 'Eve Green', 'eve@example.com', '5678901234', '2024-01-05 14:20:00');

INSERT INTO flavor (id, flavor_name, description, status, created_at)
VALUES
    ('10000000-0000-0000-0000-000000000001', 'Vanilla', 'Classic vanilla flavor', 'ACTIVE', '2024-01-05 14:20:00'),
    ('10000000-0000-0000-0000-000000000002', 'Chocolate', 'Rich chocolate delight', 'ACTIVE', '2024-01-05 14:20:00'),
    ('10000000-0000-0000-0000-000000000003', 'Strawberry', 'Fresh strawberry scoop', 'ACTIVE', '2024-01-05 14:20:00'),
    ('10000000-0000-0000-0000-000000000004', 'Mint', 'Cool mint taste', 'INACTIVE', '2024-01-05 14:20:00'),
    ('10000000-0000-0000-0000-000000000005', 'Mango', 'Tropical mango treat', 'ACTIVE', '2024-01-05 14:20:00');

INSERT INTO purchase (id, customer_id, total_price, created_at)
VALUES
    ('20000000-0000-0000-0000-000000000001', '00000000-0000-0000-0000-000000000001', 15.50, '2024-01-05 14:20:00'),
    ('20000000-0000-0000-0000-000000000002', '00000000-0000-0000-0000-000000000002', 22.00, '2024-01-05 14:20:00'),
    ('20000000-0000-0000-0000-000000000003', '00000000-0000-0000-0000-000000000003', 12.25, '2024-01-05 14:20:00'),
    ('20000000-0000-0000-0000-000000000004', '00000000-0000-0000-0000-000000000004', 18.75, '2024-01-05 14:20:00'),
    ('20000000-0000-0000-0000-000000000005', '00000000-0000-0000-0000-000000000005', 20.00, '2024-01-05 14:20:00');

INSERT INTO purchase_item (id, purchase_id, flavor_id, quantity, unit_price, created_at)
VALUES
    ('30000000-0000-0000-0000-000000000001', '20000000-0000-0000-0000-000000000001', '10000000-0000-0000-0000-000000000001', 2, 5.00, '2024-01-05 14:20:00'),
    ('30000000-0000-0000-0000-000000000002', '20000000-0000-0000-0000-000000000002', '10000000-0000-0000-0000-000000000002', 1, 7.00, '2024-01-05 14:20:00'),
    ('30000000-0000-0000-0000-000000000003', '20000000-0000-0000-0000-000000000003', '10000000-0000-0000-0000-000000000003', 3, 4.00, '2024-01-05 14:20:00'),
    ('30000000-0000-0000-0000-000000000004', '20000000-0000-0000-0000-000000000004', '10000000-0000-0000-0000-000000000005', 2, 6.50, '2024-01-05 14:20:00'),
    ('30000000-0000-0000-0000-000000000005', '20000000-0000-0000-0000-000000000005', '10000000-0000-0000-0000-000000000004', 1, 5.00, '2024-01-05 14:20:00');

INSERT INTO monthly_menu_item (id, menu_month, menu_year, flavor_id, unit_price, rank_score, created_at)
VALUES
    ('40000000-0000-0000-0000-000000000001', 5, 2025, '10000000-0000-0000-0000-000000000001', 5.00, 90, '2024-01-05 14:20:00'),
    ('40000000-0000-0000-0000-000000000002', 5, 2025, '10000000-0000-0000-0000-000000000002', 6.00, 85, '2024-01-05 14:20:00'),
    ('40000000-0000-0000-0000-000000000003', 5, 2025, '10000000-0000-0000-0000-000000000003', 4.50, 95, '2024-01-05 14:20:00'),
    ('40000000-0000-0000-0000-000000000004', 5, 2025, '10000000-0000-0000-0000-000000000005', 6.00, 80, '2024-01-05 14:20:00'),
    ('40000000-0000-0000-0000-000000000005', 5, 2025, '10000000-0000-0000-0000-000000000004', 4.00, 70, '2024-01-05 14:20:00');

INSERT INTO vote (id, customer_id, flavor_id, vote_month, vote_year, created_at)
VALUES
    ('50000000-0000-0000-0000-000000000001', '00000000-0000-0000-0000-000000000001', '10000000-0000-0000-0000-000000000001', 5, 2025, '2024-01-05 14:20:00'),
    ('50000000-0000-0000-0000-000000000002', '00000000-0000-0000-0000-000000000002', '10000000-0000-0000-0000-000000000002', 5, 2025, '2024-01-05 14:20:00'),
    ('50000000-0000-0000-0000-000000000003', '00000000-0000-0000-0000-000000000003', '10000000-0000-0000-0000-000000000003', 5, 2025, '2024-01-05 14:20:00'),
    ('50000000-0000-0000-0000-000000000004', '00000000-0000-0000-0000-000000000004', '10000000-0000-0000-0000-000000000005', 5, 2025, '2024-01-05 14:20:00'),
    ('50000000-0000-0000-0000-000000000005', '00000000-0000-0000-0000-000000000005', '10000000-0000-0000-0000-000000000004', 5, 2025, '2024-01-05 14:20:00');
